benchmark,optimization_time( ms ),execution_time (ms),add,sub,multiply_plain,rotate_rows,square,multiply,Depth,Multplicative Depth
tree_50-50-5_1,124.854,0.078833,2,0,0,0,0,0,0,0,2,0
tree_50-50-10_1,73.1975,344.55,4,0,0,0,0,7,0,0,8,7
tree_100-50-5_1,66.6508,236.106,4,0,0,0,0,8,0,0,5,4
tree_100-50-10_1,3375.83,0.075016,2,0,0,0,0,0,0,0,2,0
tree_100-100-5_1,68.1209,176.725,1,0,0,0,0,5,0,0,5,5
tree_100-100-10_1,85.1568,725.043,1,0,0,0,0,10,0,0,10,10
