benchmark,optimization_time( ms ),execution_time (ms),add,sub,multiply_plain,rotate_rows,square,multiply,Depth,Multplicative Depth
tree_50-50-5_1,236.535,0.588473,2,0,0,0,0,0,0,0,2,0
tree_50-50-10_1,78.9339,52.2248,2,0,0,0,0,2,0,0,4,2
tree_100-50-5_1,79.5834,27.1232,2,0,0,0,0,1,0,0,3,1
tree_100-50-10_1,10986.9,0.560962,2,0,0,0,0,0,0,0,2,0
tree_100-100-5_1,81.5114,77.0882,2,0,0,0,0,3,0,0,5,3
tree_100-100-10_1,123.831,,1,0,0,0,0,10,0,0,10,10
 